[{"model": "admin.logentry", "pk": 1, "fields": {"action_time": "2023-11-29T17:54:31.096Z", "user": 1, "content_type": 7, "object_id": "1", "object_repr": "Software Security", "action_flag": 1, "change_message": "[{\"added\": {}}]"}}, {"model": "admin.logentry", "pk": 2, "fields": {"action_time": "2023-11-29T17:54:36.100Z", "user": 1, "content_type": 7, "object_id": "2", "object_repr": "Education", "action_flag": 1, "change_message": "[{\"added\": {}}]"}}, {"model": "admin.logentry", "pk": 3, "fields": {"action_time": "2023-11-29T17:54:40.560Z", "user": 1, "content_type": 7, "object_id": "3", "object_repr": "Software Process and Management", "action_flag": 1, "change_message": "[{\"added\": {}}]"}}, {"model": "admin.logentry", "pk": 4, "fields": {"action_time": "2023-11-29T17:54:43.504Z", "user": 1, "content_type": 7, "object_id": "4", "object_repr": "Construction", "action_flag": 1, "change_message": "[{\"added\": {}}]"}}, {"model": "admin.logentry", "pk": 5, "fields": {"action_time": "2023-11-29T17:54:47.416Z", "user": 1, "content_type": 7, "object_id": "5", "object_repr": "Fashion", "action_flag": 1, "change_message": "[{\"added\": {}}]"}}, {"model": "admin.logentry", "pk": 6, "fields": {"action_time": "2023-11-29T17:55:00.632Z", "user": 1, "content_type": 7, "object_id": "6", "object_repr": "Health Care", "action_flag": 1, "change_message": "[{\"added\": {}}]"}}, {"model": "admin.logentry", "pk": 7, "fields": {"action_time": "2023-11-29T17:55:16.486Z", "user": 1, "content_type": 7, "object_id": "7", "object_repr": "Information Technologies", "action_flag": 1, "change_message": "[{\"added\": {}}]"}}, {"model": "admin.logentry", "pk": 8, "fields": {"action_time": "2023-11-29T17:59:14.318Z", "user": 1, "content_type": 9, "object_id": "4", "object_repr": "employer2@gmail.com UI/UX Designer", "action_flag": 1, "change_message": "[{\"added\": {}}]"}}, {"model": "admin.logentry", "pk": 9, "fields": {"action_time": "2023-11-29T18:03:42.945Z", "user": 1, "content_type": 11, "object_id": "2", "object_repr": "applicant1@gmail.com", "action_flag": 3, "change_message": ""}}, {"model": "admin.logentry", "pk": 10, "fields": {"action_time": "2023-11-29T18:03:42.986Z", "user": 1, "content_type": 11, "object_id": "2", "object_repr": "applicant1@gmail.com", "action_flag": 3, "change_message": ""}}, {"model": "admin.logentry", "pk": 11, "fields": {"action_time": "2023-11-29T18:05:01.531Z", "user": 1, "content_type": 11, "object_id": "5", "object_repr": "applicant1@gmail.com", "action_flag": 3, "change_message": ""}}, {"model": "admin.logentry", "pk": 12, "fields": {"action_time": "2023-12-02T08:54:51.939Z", "user": 1, "content_type": 9, "object_id": "10", "object_repr": "employer2@gmail.com Deneme", "action_flag": 3, "change_message": ""}}, {"model": "admin.logentry", "pk": 13, "fields": {"action_time": "2023-12-02T13:28:59.295Z", "user": 1, "content_type": 9, "object_id": "11", "object_repr": "employer2@gmail.com Deneme", "action_flag": 2, "change_message": "[{\"changed\": {\"fields\": [\"Description\"]}}]"}}, {"model": "admin.logentry", "pk": 14, "fields": {"action_time": "2023-12-02T13:29:02.682Z", "user": 1, "content_type": 9, "object_id": "8", "object_repr": "employer2@gmail.com React Developer", "action_flag": 2, "change_message": "[{\"changed\": {\"fields\": [\"Description\"]}}]"}}, {"model": "admin.logentry", "pk": 15, "fields": {"action_time": "2023-12-02T13:29:06.006Z", "user": 1, "content_type": 9, "object_id": "5", "object_repr": "employer2@gmail.com Java Developer", "action_flag": 2, "change_message": "[{\"changed\": {\"fields\": [\"Description\"]}}]"}}, {"model": "admin.logentry", "pk": 16, "fields": {"action_time": "2023-12-02T13:29:06.038Z", "user": 1, "content_type": 9, "object_id": "5", "object_repr": "employer2@gmail.com Java Developer", "action_flag": 2, "change_message": "[]"}}, {"model": "admin.logentry", "pk": 17, "fields": {"action_time": "2023-12-02T13:29:08.443Z", "user": 1, "content_type": 9, "object_id": "4", "object_repr": "employer2@gmail.com UI/UX Designer", "action_flag": 2, "change_message": "[{\"changed\": {\"fields\": [\"Description\"]}}]"}}, {"model": "admin.logentry", "pk": 18, "fields": {"action_time": "2023-12-02T13:29:08.501Z", "user": 1, "content_type": 9, "object_id": "4", "object_repr": "employer2@gmail.com UI/UX Designer", "action_flag": 2, "change_message": "[]"}}, {"model": "admin.logentry", "pk": 19, "fields": {"action_time": "2023-12-02T13:29:13.181Z", "user": 1, "content_type": 9, "object_id": "11", "object_repr": "employer2@gmail.com Deneme", "action_flag": 2, "change_message": "[{\"changed\": {\"fields\": [\"Description\"]}}]"}}, {"model": "admin.logentry", "pk": 20, "fields": {"action_time": "2023-12-02T13:29:17.169Z", "user": 1, "content_type": 9, "object_id": "8", "object_repr": "employer2@gmail.com React Developer", "action_flag": 2, "change_message": "[{\"changed\": {\"fields\": [\"Description\"]}}]"}}, {"model": "admin.logentry", "pk": 21, "fields": {"action_time": "2023-12-02T13:29:19.777Z", "user": 1, "content_type": 9, "object_id": "5", "object_repr": "employer2@gmail.com Java Developer", "action_flag": 2, "change_message": "[{\"changed\": {\"fields\": [\"Description\"]}}]"}}, {"model": "admin.logentry", "pk": 22, "fields": {"action_time": "2023-12-02T13:29:19.807Z", "user": 1, "content_type": 9, "object_id": "5", "object_repr": "employer2@gmail.com Java Developer", "action_flag": 2, "change_message": "[]"}}, {"model": "admin.logentry", "pk": 23, "fields": {"action_time": "2023-12-02T13:29:22.059Z", "user": 1, "content_type": 9, "object_id": "4", "object_repr": "employer2@gmail.com UI/UX Designer", "action_flag": 2, "change_message": "[{\"changed\": {\"fields\": [\"Description\"]}}]"}}, {"model": "admin.logentry", "pk": 24, "fields": {"action_time": "2023-12-02T13:29:24.160Z", "user": 1, "content_type": 9, "object_id": "3", "object_repr": "employer1@gmail.com Web Developer", "action_flag": 2, "change_message": "[{\"changed\": {\"fields\": [\"Description\"]}}]"}}, {"model": "admin.logentry", "pk": 25, "fields": {"action_time": "2023-12-02T13:29:24.221Z", "user": 1, "content_type": 9, "object_id": "3", "object_repr": "employer1@gmail.com Web Developer", "action_flag": 2, "change_message": "[]"}}, {"model": "admin.logentry", "pk": 26, "fields": {"action_time": "2023-12-02T13:29:26.538Z", "user": 1, "content_type": 9, "object_id": "2", "object_repr": "employer1@gmail.com Java Developer", "action_flag": 2, "change_message": "[{\"changed\": {\"fields\": [\"Description\"]}}]"}}, {"model": "admin.logentry", "pk": 27, "fields": {"action_time": "2023-12-02T13:29:29.358Z", "user": 1, "content_type": 9, "object_id": "1", "object_repr": "employer1@gmail.com Python Developer", "action_flag": 2, "change_message": "[{\"changed\": {\"fields\": [\"Description\"]}}]"}}, {"model": "admin.logentry", "pk": 28, "fields": {"action_time": "2023-12-02T13:33:03.463Z", "user": 1, "content_type": 9, "object_id": "13", "object_repr": "employer1@gmail.com React Native Developer", "action_flag": 1, "change_message": "[{\"added\": {}}]"}}, {"model": "admin.logentry", "pk": 29, "fields": {"action_time": "2023-12-15T16:18:04.377Z", "user": 1, "content_type": 11, "object_id": "13", "object_repr": "tegiye.z13@gmail.com", "action_flag": 3, "change_message": ""}}, {"model": "admin.logentry", "pk": 30, "fields": {"action_time": "2023-12-15T16:18:04.386Z", "user": 1, "content_type": 11, "object_id": "12", "object_repr": "djecommerce1@gmail.com", "action_flag": 3, "change_message": ""}}, {"model": "admin.logentry", "pk": 31, "fields": {"action_time": "2023-12-15T16:18:04.390Z", "user": 1, "content_type": 11, "object_id": "11", "object_repr": "hotim20825@gmail.com", "action_flag": 3, "change_message": ""}}, {"model": "admin.logentry", "pk": 32, "fields": {"action_time": "2023-12-15T16:18:04.394Z", "user": 1, "content_type": 11, "object_id": "10", "object_repr": "ozkaanmax@gmail.com", "action_flag": 3, "change_message": ""}}, {"model": "auth.permission", "pk": 1, "fields": {"name": "Can add log entry", "content_type": 1, "codename": "add_logentry"}}, {"model": "auth.permission", "pk": 2, "fields": {"name": "Can change log entry", "content_type": 1, "codename": "change_logentry"}}, {"model": "auth.permission", "pk": 3, "fields": {"name": "Can delete log entry", "content_type": 1, "codename": "delete_logentry"}}, {"model": "auth.permission", "pk": 4, "fields": {"name": "Can view log entry", "content_type": 1, "codename": "view_logentry"}}, {"model": "auth.permission", "pk": 5, "fields": {"name": "Can add permission", "content_type": 2, "codename": "add_permission"}}, {"model": "auth.permission", "pk": 6, "fields": {"name": "Can change permission", "content_type": 2, "codename": "change_permission"}}, {"model": "auth.permission", "pk": 7, "fields": {"name": "Can delete permission", "content_type": 2, "codename": "delete_permission"}}, {"model": "auth.permission", "pk": 8, "fields": {"name": "Can view permission", "content_type": 2, "codename": "view_permission"}}, {"model": "auth.permission", "pk": 9, "fields": {"name": "Can add group", "content_type": 3, "codename": "add_group"}}, {"model": "auth.permission", "pk": 10, "fields": {"name": "Can change group", "content_type": 3, "codename": "change_group"}}, {"model": "auth.permission", "pk": 11, "fields": {"name": "Can delete group", "content_type": 3, "codename": "delete_group"}}, {"model": "auth.permission", "pk": 12, "fields": {"name": "Can view group", "content_type": 3, "codename": "view_group"}}, {"model": "auth.permission", "pk": 13, "fields": {"name": "Can add content type", "content_type": 4, "codename": "add_contenttype"}}, {"model": "auth.permission", "pk": 14, "fields": {"name": "Can change content type", "content_type": 4, "codename": "change_contenttype"}}, {"model": "auth.permission", "pk": 15, "fields": {"name": "Can delete content type", "content_type": 4, "codename": "delete_contenttype"}}, {"model": "auth.permission", "pk": 16, "fields": {"name": "Can view content type", "content_type": 4, "codename": "view_contenttype"}}, {"model": "auth.permission", "pk": 17, "fields": {"name": "Can add session", "content_type": 5, "codename": "add_session"}}, {"model": "auth.permission", "pk": 18, "fields": {"name": "Can change session", "content_type": 5, "codename": "change_session"}}, {"model": "auth.permission", "pk": 19, "fields": {"name": "Can delete session", "content_type": 5, "codename": "delete_session"}}, {"model": "auth.permission", "pk": 20, "fields": {"name": "Can view session", "content_type": 5, "codename": "view_session"}}, {"model": "auth.permission", "pk": 21, "fields": {"name": "Can add company", "content_type": 6, "codename": "add_company"}}, {"model": "auth.permission", "pk": 22, "fields": {"name": "Can change company", "content_type": 6, "codename": "change_company"}}, {"model": "auth.permission", "pk": 23, "fields": {"name": "Can delete company", "content_type": 6, "codename": "delete_company"}}, {"model": "auth.permission", "pk": 24, "fields": {"name": "Can view company", "content_type": 6, "codename": "view_company"}}, {"model": "auth.permission", "pk": 25, "fields": {"name": "Can add industry", "content_type": 7, "codename": "add_industry"}}, {"model": "auth.permission", "pk": 26, "fields": {"name": "Can change industry", "content_type": 7, "codename": "change_industry"}}, {"model": "auth.permission", "pk": 27, "fields": {"name": "Can delete industry", "content_type": 7, "codename": "delete_industry"}}, {"model": "auth.permission", "pk": 28, "fields": {"name": "Can view industry", "content_type": 7, "codename": "view_industry"}}, {"model": "auth.permission", "pk": 29, "fields": {"name": "Can add resume", "content_type": 8, "codename": "add_resume"}}, {"model": "auth.permission", "pk": 30, "fields": {"name": "Can change resume", "content_type": 8, "codename": "change_resume"}}, {"model": "auth.permission", "pk": 31, "fields": {"name": "Can delete resume", "content_type": 8, "codename": "delete_resume"}}, {"model": "auth.permission", "pk": 32, "fields": {"name": "Can view resume", "content_type": 8, "codename": "view_resume"}}, {"model": "auth.permission", "pk": 33, "fields": {"name": "Can add job advert", "content_type": 9, "codename": "add_jobadvert"}}, {"model": "auth.permission", "pk": 34, "fields": {"name": "Can change job advert", "content_type": 9, "codename": "change_jobadvert"}}, {"model": "auth.permission", "pk": 35, "fields": {"name": "Can delete job advert", "content_type": 9, "codename": "delete_jobadvert"}}, {"model": "auth.permission", "pk": 36, "fields": {"name": "Can view job advert", "content_type": 9, "codename": "view_jobadvert"}}, {"model": "auth.permission", "pk": 37, "fields": {"name": "Can add apply job", "content_type": 10, "codename": "add_applyjob"}}, {"model": "auth.permission", "pk": 38, "fields": {"name": "Can change apply job", "content_type": 10, "codename": "change_applyjob"}}, {"model": "auth.permission", "pk": 39, "fields": {"name": "Can delete apply job", "content_type": 10, "codename": "delete_applyjob"}}, {"model": "auth.permission", "pk": 40, "fields": {"name": "Can view apply job", "content_type": 10, "codename": "view_applyjob"}}, {"model": "auth.permission", "pk": 41, "fields": {"name": "Can add user", "content_type": 11, "codename": "add_user"}}, {"model": "auth.permission", "pk": 42, "fields": {"name": "Can change user", "content_type": 11, "codename": "change_user"}}, {"model": "auth.permission", "pk": 43, "fields": {"name": "Can delete user", "content_type": 11, "codename": "delete_user"}}, {"model": "auth.permission", "pk": 44, "fields": {"name": "Can view user", "content_type": 11, "codename": "view_user"}}, {"model": "auth.permission", "pk": 45, "fields": {"name": "Can add comment", "content_type": 12, "codename": "add_comment"}}, {"model": "auth.permission", "pk": 46, "fields": {"name": "Can change comment", "content_type": 12, "codename": "change_comment"}}, {"model": "auth.permission", "pk": 47, "fields": {"name": "Can delete comment", "content_type": 12, "codename": "delete_comment"}}, {"model": "auth.permission", "pk": 48, "fields": {"name": "Can view comment", "content_type": 12, "codename": "view_comment"}}, {"model": "contenttypes.contenttype", "pk": 1, "fields": {"app_label": "admin", "model": "logentry"}}, {"model": "contenttypes.contenttype", "pk": 2, "fields": {"app_label": "auth", "model": "permission"}}, {"model": "contenttypes.contenttype", "pk": 3, "fields": {"app_label": "auth", "model": "group"}}, {"model": "contenttypes.contenttype", "pk": 4, "fields": {"app_label": "contenttypes", "model": "contenttype"}}, {"model": "contenttypes.contenttype", "pk": 5, "fields": {"app_label": "sessions", "model": "session"}}, {"model": "contenttypes.contenttype", "pk": 6, "fields": {"app_label": "core", "model": "company"}}, {"model": "contenttypes.contenttype", "pk": 7, "fields": {"app_label": "core", "model": "industry"}}, {"model": "contenttypes.contenttype", "pk": 8, "fields": {"app_label": "core", "model": "resume"}}, {"model": "contenttypes.contenttype", "pk": 9, "fields": {"app_label": "core", "model": "jobadvert"}}, {"model": "contenttypes.contenttype", "pk": 10, "fields": {"app_label": "core", "model": "applyjob"}}, {"model": "contenttypes.contenttype", "pk": 11, "fields": {"app_label": "users", "model": "user"}}, {"model": "contenttypes.contenttype", "pk": 12, "fields": {"app_label": "core", "model": "comment"}}, {"model": "sessions.session", "pk": "7fi63ul8baaduqjrsynv71sfj65dbln0", "fields": {"session_data": ".eJxVizsOwjAQBe_iGkXeeL1xKJE4h_W8seWIT4FJhbh7EikFlPNm3sdELO8al5ZfcZ7M2ZA5_W4JesvPXezYuoNbd31gvl8O-3epaHXrA08yjsOgWUUBoRz6gpKIKVgIeuucV2Vlnzw7ZViBs674rEok5rsClqUynw:1r8OlV:0Rk-eaEr0UA7VsLx_c6Zu5-JYm0g-KVDWPxSbLNmZ_s", "expire_date": "2023-12-13T17:54:25.130Z"}}, {"model": "sessions.session", "pk": "c53shasqav2tl3de6zmbxwn66b9p0snp", "fields": {"session_data": ".eJxVjEsKwzAMBe_idQmyk0hyl4WewyiWjEM_i7pZld49GLJol_OGeR-XZHvXtDV7pVXd2aE7_W6L5Js9u-jYhoPbcH3Ier8c9i-p0mo_AvOROIssQEVRmcmXEYJB4IgYFUfBTEaE0escvMkMgUoRpsnMfXeB1TJK:1r9O2f:Ar9DBlwk8Q3xqf9nlx3nXc9Pi3gs4pSMUd4zcObsa-o", "expire_date": "2023-12-16T11:20:13.248Z"}}, {"model": "sessions.session", "pk": "duuac7caix02kxerqktd2wb33kpq9ndg", "fields": {"session_data": ".eJxVizsOwjAQBe_iGkXeeL1xKJE4h_W8seWIT4FJhbh7EikFlPNm3sdELO8al5ZfcZ7M2ZA5_W4JesvPXezYuoNbd31gvl8O-3epaHXrA08yjsOgWUUBoRz6gpKIKVgIeuucV2Vlnzw7ZViBs674rEok5rsClqUynw:1rEAsq:cmfEE82CVn8XRFY5_173sD5Ml9JN0TxBG5iCpgXVeTI", "expire_date": "2023-12-29T16:17:52.797Z"}}, {"model": "sessions.session", "pk": "i8nxne1py7uus0dbcfss9w3qfnrnwdl9", "fields": {"session_data": ".eJxVizsOwjAQBe_iGkXeeL1xKJE4h_W8seWIT4FJhbh7EikFlPNm3sdELO8al5ZfcZ7M2ZA5_W4JesvPXezYuoNbd31gvl8O-3epaHXrA08yjsOgWUUBoRz6gpKIKVgIeuucV2Vlnzw7ZViBs674rEok5rsClqUynw:1r9PEm:0vasE_BsG2gz2bQnNVNiz6CicerlFJ6hV9beZLCK-wY", "expire_date": "2023-12-16T12:36:48.144Z"}}, {"model": "sessions.session", "pk": "knppu9d2udw944nw145q1st2htwh0qs9", "fields": {"session_data": ".eJxVizsOwjAQBe_iGkXeeL1xKJE4h_W8seWIT4FJhbh7EikFlPNm3sdELO8al5ZfcZ7M2ZA5_W4JesvPXezYuoNbd31gvl8O-3epaHXrA08yjsOgWUUBoRz6gpKIKVgIeuucV2Vlnzw7ZViBs674rEok5rsClqUynw:1r9Llg:-J7232QmZjVHgab_-t7knrdflYm3RqsdpKdhoF0J7z8", "expire_date": "2023-12-16T08:54:32.919Z"}}, {"model": "sessions.session", "pk": "ro0r18h76ztbw6bivc6n61s5p4j63ckw", "fields": {"session_data": ".eJxVjEsKwzAMBe_idQmyk0hyl4WewyiWjEM_i7pZld49GLJol_OGeR-XZHvXtDV7pVXd2aE7_W6L5Js9u-jYhoPbcH3Ier8c9i-p0mo_AvOROIssQEVRmcmXEYJB4IgYFUfBTEaE0escvMkMgUoRpsnMfXeB1TJK:1r9ObX:mjUati1fz3VzJ8NdSc3R-Tz2RfaFp1qBby4qBAM98-M", "expire_date": "2023-12-16T11:56:15.796Z"}}, {"model": "core.resume", "pk": 3, "fields": {"user": 6, "first_name": "Applicant1", "last_name": "Applicant1", "nationality": "AU", "job_title": "Backend Developer", "created_at": "2023-11-29T18:05:35.794Z", "upload_resume": "resume_files/Infobroschuere_1.pdf"}}, {"model": "core.resume", "pk": 4, "fields": {"user": 7, "first_name": "Applicant22", "last_name": "Applicant23", "nationality": "TR", "job_title": "Java Developer", "created_at": "2023-11-29T18:09:21.735Z", "upload_resume": "resume_files/423-Midterm-sample.pdf"}}, {"model": "core.resume", "pk": 5, "fields": {"user": 8, "first_name": "Harun", "last_name": "Güngor", "nationality": "BH", "job_title": "DB Developer", "created_at": "2023-12-10T12:43:07.006Z", "upload_resume": "resume_files/23-24_transkript.pdf"}}, {"model": "core.resume", "pk": 6, "fields": {"user": 9, "first_name": "Ozkan", "last_name": "Inonlu", "nationality": "AU", "job_title": "Backend Developer", "created_at": "2023-12-10T12:56:48.913Z", "upload_resume": "resume_files/23-24_transkript_Df6u0uT.pdf"}}, {"model": "core.company", "pk": 1, "fields": {"user": 3, "company_name": "Near East Technology", "establishment_date": "2023-11-10", "city": "Nicosia", "state": "Ahmet Sokak"}}, {"model": "core.company", "pk": 2, "fields": {"user": 4, "company_name": "Vodafone", "establishment_date": "2020-06-20", "city": "Nicosia", "state": "Ahmet Sokak"}}, {"model": "core.industry", "pk": 1, "fields": {"name": "Software Security"}}, {"model": "core.industry", "pk": 2, "fields": {"name": "Education"}}, {"model": "core.industry", "pk": 3, "fields": {"name": "Software Process and Management"}}, {"model": "core.industry", "pk": 4, "fields": {"name": "Construction"}}, {"model": "core.industry", "pk": 5, "fields": {"name": "Fashion"}}, {"model": "core.industry", "pk": 6, "fields": {"name": "Health Care"}}, {"model": "core.industry", "pk": 7, "fields": {"name": "Information Technologies"}}, {"model": "core.jobadvert", "pk": 1, "fields": {"user": 3, "company": 1, "title": "Python Developer", "location": "F", "min_salary": 2000, "max_salary": 5000, "description": "Lorem Ipsum is simply dummy text of the printing and typesetting industry. Lorem Ipsum has been the industry's standard dummy text ever since the 1500s, when an unknown printer took a galley of type and scrambled it to make a type specimen book. It has survived not only five centuries, but also the leap into electronic typesetting, remaining essentially unchanged. It was popularised in the 1960s with the release of Letraset sheets containing Lorem Ipsum passages, and more recently with desktop publishing software like Aldus PageMaker including versions of Lorem IpsumLorem Ipsum is simply dummy text of the printing and typesetting industry. Lorem Ipsum has been the industry's standard dummy text ever since the 1500s, when an unknown printer took a galley of type and scrambled it to make a type specimen book. It has survived not only five centuries, but also the leap into electronic typesetting, remaining essentially unchanged. It was popularised in the 1960s with the release of Letraset", "created_at": "2023-11-29T17:55:58.954Z", "is_available": true, "job_type": "R", "industry": 3}}, {"model": "core.jobadvert", "pk": 2, "fields": {"user": 3, "company": 1, "title": "Java Developer", "location": "K", "min_salary": 200, "max_salary": 500, "description": "Lorem Ipsum is simply dummy text of the printing and typesetting industry. Lorem Ipsum has been the industry's standard dummy text ever since the 1500s, when an unknown printer took a galley of type and scrambled it to make a type specimen book. It has survived not only five centuries, but also the leap into electronic typesetting, remaining essentially unchanged. It was popularised in the 1960s with the release of Letraset sheets containing Lorem Ipsum passages, and more recently with desktop publishing software like Aldus PageMaker including versions of Lorem IpsumLorem Ipsum is simply dummy text of the printing and typesetting industry. Lorem Ipsum has been the industry's standard dummy text ever since the 1500s, when an unknown printer took a galley of type and scrambled it to make a type specimen book. It has survived not only five centuries, but also the leap into electronic typesetting, remaining essentially unchanged. It was popularised in the 1960s with the release of Letraset", "created_at": "2023-11-29T17:56:56.491Z", "is_available": true, "job_type": "F", "industry": 1}}, {"model": "core.jobadvert", "pk": 3, "fields": {"user": 3, "company": 1, "title": "Web Developer", "location": "N", "min_salary": 1000, "max_salary": 2000, "description": "Lorem Ipsum is simply dummy text of the printing and typesetting industry. Lorem Ipsum has been the industry's standard dummy text ever since the 1500s, when an unknown printer took a galley of type and scrambled it to make a type specimen book. It has survived not only five centuries, but also the leap into electronic typesetting, remaining essentially unchanged. It was popularised in the 1960s with the release of Letraset sheets containing Lorem Ipsum passages, and more recently with desktop publishing software like Aldus PageMaker including versions of Lorem IpsumLorem Ipsum is simply dummy text of the printing and typesetting industry. Lorem Ipsum has been the industry's standard dummy text ever since the 1500s, when an unknown printer took a galley of type and scrambled it to make a type specimen book. It has survived not only five centuries, but also the leap into electronic typesetting, remaining essentially unchanged. It was popularised in the 1960s with the release of Letraset", "created_at": "2023-11-29T17:57:10.391Z", "is_available": true, "job_type": "F", "industry": 3}}, {"model": "core.jobadvert", "pk": 4, "fields": {"user": 4, "company": 2, "title": "UI/UX Designer", "location": "O", "min_salary": 500, "max_salary": 1000, "description": "Lorem Ipsum is simply dummy text of the printing and typesetting industry. Lorem Ipsum has been the industry's standard dummy text ever since the 1500s, when an unknown printer took a galley of type and scrambled it to make a type specimen book. It has survived not only five centuries, but also the leap into electronic typesetting, remaining essentially unchanged. It was popularised in the 1960s with the release of Letraset sheets containing Lorem Ipsum passages, and more recently with desktop publishing software like Aldus PageMaker including versions of Lorem IpsumLorem Ipsum is simply dummy text of the printing and typesetting industry. Lorem Ipsum has been the industry's standard dummy text ever since the 1500s, when an unknown printer took a galley of type and scrambled it to make a type specimen book. It has survived not only five centuries, but also the leap into electronic typesetting, remaining essentially unchanged. It was popularised in the 1960s with the release of Letraset", "created_at": "2023-11-29T17:59:14.314Z", "is_available": true, "job_type": "F", "industry": 3}}, {"model": "core.jobadvert", "pk": 5, "fields": {"user": 4, "company": 2, "title": "Java Developer", "location": "F", "min_salary": 100, "max_salary": 1000, "description": "Lorem Ipsum is simply dummy text of the printing and typesetting industry. Lorem Ipsum has been the industry's standard dummy text ever since the 1500s, when an unknown printer took a galley of type and scrambled it to make a type specimen book. It has survived not only five centuries, but also the leap into electronic typesetting, remaining essentially unchanged. It was popularised in the 1960s with the release of Letraset sheets containing Lorem Ipsum passages, and more recently with desktop publishing software like Aldus PageMaker including versions of Lorem IpsumLorem Ipsum is simply dummy text of the printing and typesetting industry. Lorem Ipsum has been the industry's standard dummy text ever since the 1500s, when an unknown printer took a galley of type and scrambled it to make a type specimen book. It has survived not only five centuries, but also the leap into electronic typesetting, remaining essentially unchanged. It was popularised in the 1960s with the release of Letraset", "created_at": "2023-11-29T19:59:51.854Z", "is_available": true, "job_type": "R", "industry": 3}}, {"model": "core.jobadvert", "pk": 8, "fields": {"user": 4, "company": 2, "title": "React Developer", "location": "F", "min_salary": 200, "max_salary": 300, "description": "Lorem Ipsum is simply dummy text of the printing and typesetting industry. Lorem Ipsum has been the industry's standard dummy text ever since the 1500s, when an unknown printer took a galley of type and scrambled it to make a type specimen book. It has survived not only five centuries, but also the leap into electronic typesetting, remaining essentially unchanged. It was popularised in the 1960s with the release of Letraset sheets containing Lorem Ipsum passages, and more recently with desktop publishing software like Aldus PageMaker including versions of Lorem IpsumLorem Ipsum is simply dummy text of the printing and typesetting industry. Lorem Ipsum has been the industry's standard dummy text ever since the 1500s, when an unknown printer took a galley of type and scrambled it to make a type specimen book. It has survived not only five centuries, but also the leap into electronic typesetting, remaining essentially unchanged. It was popularised in the 1960s with the release of Letraset", "created_at": "2023-11-29T20:01:05.905Z", "is_available": true, "job_type": "P", "industry": 3}}, {"model": "core.jobadvert", "pk": 11, "fields": {"user": 4, "company": 2, "title": "Deneme", "location": "F", "min_salary": 1, "max_salary": 2, "description": "Lorem Ipsum is simply dummy text of the printing and typesetting industry. Lorem Ipsum has been the industry's standard dummy text ever since the 1500s, when an unknown printer took a galley of type and scrambled it to make a type specimen book. It has survived not only five centuries, but also the leap into electronic typesetting, remaining essentially unchanged. It was popularised in the 1960s with the release of Letraset sheets containing Lorem Ipsum passages, and more recently with desktop publishing software like Aldus PageMaker including versions of Lorem IpsumLorem Ipsum is simply dummy text of the printing and typesetting industry. Lorem Ipsum has been the industry's standard dummy text ever since the 1500s, when an unknown printer took a galley of type and scrambled it to make a type specimen book. It has survived not only five centuries, but also the leap into electronic typesetting, remaining essentially unchanged. It was popularised in the 1960s with the release of Letraset", "created_at": "2023-12-02T08:54:11.687Z", "is_available": true, "job_type": "F", "industry": 1}}, {"model": "core.jobadvert", "pk": 13, "fields": {"user": 3, "company": 1, "title": "React Native Developer", "location": "N", "min_salary": 250, "max_salary": 750, "description": "Lorem Ipsum is simply dummy text of the printing and typesetting industry. Lorem Ipsum has been the industry's standard dummy text ever since the 1500s, when an unknown printer took a galley of type and scrambled it to make a type specimen book. It has survived not only five centuries, but also the leap into electronic typesetting, remaining essentially unchanged. It was popularised in the 1960s with the release of Letraset sheets containing Lorem Ipsum passages, and more recently with desktop publishing software like Aldus PageMaker including versions of Lorem IpsumLorem Ipsum is simply dummy text of the printing and typesetting industry. Lorem Ipsum has been the industry's standard dummy text ever since the 1500s, when an unknown printer took a galley of type and scrambled it to make a type specimen book. It has survived not only five centuries, but also the leap into electronic typesetting, remaining essentially unchanged. It was popularised in the 1960s with the release of Letraset", "created_at": "2023-12-02T13:33:03.460Z", "is_available": true, "job_type": "H", "industry": 3}}, {"model": "core.jobadvert", "pk": 14, "fields": {"user": 4, "company": 2, "title": "Software Manager", "location": "O", "min_salary": 500, "max_salary": 1000, "description": "Lorem Ipsum is simply dummy text of the printing and typesetting industry. Lorem Ipsum has been the industry's standard dummy text ever since the 1500s, when an unknown printer took a galley of type a", "created_at": "2023-12-10T12:46:33.257Z", "is_available": true, "job_type": "R", "industry": 3}}, {"model": "core.applyjob", "pk": 2, "fields": {"user": 7, "job": 4, "applied_at": "2023-11-29T18:16:17.236Z", "status": "A"}}, {"model": "core.applyjob", "pk": 5, "fields": {"user": 6, "job": 3, "applied_at": "2023-12-02T11:23:37.064Z", "status": "P"}}, {"model": "core.applyjob", "pk": 6, "fields": {"user": 6, "job": 11, "applied_at": "2023-12-02T11:23:40.991Z", "status": "P"}}, {"model": "core.applyjob", "pk": 7, "fields": {"user": 6, "job": 8, "applied_at": "2023-12-02T11:23:49.317Z", "status": "P"}}, {"model": "core.applyjob", "pk": 8, "fields": {"user": 6, "job": 5, "applied_at": "2023-12-02T11:23:52.680Z", "status": "A"}}, {"model": "core.applyjob", "pk": 9, "fields": {"user": 6, "job": 4, "applied_at": "2023-12-02T11:23:55.887Z", "status": "R"}}, {"model": "core.applyjob", "pk": 10, "fields": {"user": 7, "job": 11, "applied_at": "2023-12-02T12:02:34.426Z", "status": "P"}}, {"model": "core.applyjob", "pk": 12, "fields": {"user": 8, "job": 13, "applied_at": "2023-12-10T12:43:38.820Z", "status": "P"}}, {"model": "core.applyjob", "pk": 13, "fields": {"user": 8, "job": 11, "applied_at": "2023-12-10T12:43:45.402Z", "status": "A"}}, {"model": "core.applyjob", "pk": 14, "fields": {"user": 8, "job": 8, "applied_at": "2023-12-10T12:44:01.372Z", "status": "P"}}, {"model": "core.applyjob", "pk": 15, "fields": {"user": 8, "job": 14, "applied_at": "2023-12-10T12:47:34.945Z", "status": "P"}}, {"model": "core.applyjob", "pk": 16, "fields": {"user": 9, "job": 14, "applied_at": "2023-12-10T12:57:50.054Z", "status": "P"}}, {"model": "core.applyjob", "pk": 17, "fields": {"user": 6, "job": 1, "applied_at": "2023-12-30T17:00:00.164Z", "status": "P"}}, {"model": "users.user", "pk": 1, "fields": {"password": "pbkdf2_sha256$260000$UhvjOn0Iewub8deDw5EkCX$eB0rqlF0Z04/7h8VfojoIgezw/7MltbTxgBiGcTYJw0=", "last_login": "2023-12-15T16:17:52.790Z", "is_superuser": true, "username": "ozkan", "is_staff": true, "is_active": true, "date_joined": "2023-11-29T17:49:37.391Z", "email": "", "first_name": null, "last_name": null, "is_employer": false, "is_applicant": false, "has_resume": false, "has_company": false, "groups": [], "user_permissions": []}}, {"model": "users.user", "pk": 3, "fields": {"password": "pbkdf2_sha256$260000$xm0CYHfpxwD18LPC9GcPaz$ZB3U1dvMp4zQZAgUNK37pkOQ+NT5ZXeJe4ivLppKIXo=", "last_login": "2023-12-30T16:57:20.812Z", "is_superuser": false, "username": "employer1@gmail.com", "is_staff": false, "is_active": true, "date_joined": "2023-11-29T17:53:42.132Z", "email": "employer1@gmail.com", "first_name": null, "last_name": null, "is_employer": true, "is_applicant": false, "has_resume": false, "has_company": true, "groups": [], "user_permissions": []}}, {"model": "users.user", "pk": 4, "fields": {"password": "pbkdf2_sha256$260000$QMB1nYm7a0DtixIdH3p3jk$M6h3xRXXU4zT4Xi9fgL5C46S7ha38MwCf2NkurHCCQw=", "last_login": "2023-12-10T13:32:43.817Z", "is_superuser": false, "username": "employer2@gmail.com", "is_staff": false, "is_active": true, "date_joined": "2023-11-29T17:58:23.340Z", "email": "employer2@gmail.com", "first_name": null, "last_name": null, "is_employer": true, "is_applicant": false, "has_resume": false, "has_company": true, "groups": [], "user_permissions": []}}, {"model": "users.user", "pk": 6, "fields": {"password": "pbkdf2_sha256$260000$gnrbpXCWb7snrUNYzNMwlQ$js+8qPCB3eaG5c9JD5/CL96demMTOMyKHUUjDTyqd3k=", "last_login": "2024-01-18T11:08:27.397Z", "is_superuser": false, "username": "applicant1@gmail.com", "is_staff": false, "is_active": true, "date_joined": "2023-11-29T18:05:21.015Z", "email": "applicant1@gmail.com", "first_name": null, "last_name": null, "is_employer": false, "is_applicant": true, "has_resume": true, "has_company": false, "groups": [], "user_permissions": []}}, {"model": "users.user", "pk": 7, "fields": {"password": "pbkdf2_sha256$260000$OwsQrU1RbrBkE92EB0tf2l$kJxEwSnvzAs5DRjrIqA6SK4GBk+AOnR6uaW41GjEAjQ=", "last_login": "2023-12-02T12:00:52.792Z", "is_superuser": false, "username": "applicant2@gmail.com", "is_staff": false, "is_active": true, "date_joined": "2023-11-29T18:05:59.800Z", "email": "applicant2@gmail.com", "first_name": null, "last_name": null, "is_employer": false, "is_applicant": true, "has_resume": true, "has_company": false, "groups": [], "user_permissions": []}}, {"model": "users.user", "pk": 8, "fields": {"password": "pbkdf2_sha256$260000$RuXEcKCwI1AYsqFWfGUn84$9SW2PgGw/U4dtR4+MtnmV7Y4ogKQB7SfhSmnlVEwdSM=", "last_login": "2023-12-10T12:35:32.178Z", "is_superuser": false, "username": "harun01@gmail.com", "is_staff": false, "is_active": true, "date_joined": "2023-12-10T12:35:20.144Z", "email": "harun01@gmail.com", "first_name": null, "last_name": null, "is_employer": false, "is_applicant": true, "has_resume": true, "has_company": false, "groups": [], "user_permissions": []}}, {"model": "users.user", "pk": 9, "fields": {"password": "pbkdf2_sha256$260000$QJHrBEsupRuhGleoYFejbK$sNp3moiAe7A/5o6e8h+GaBrUUeJrCVnErow0ZalUnD0=", "last_login": "2023-12-10T12:51:32.254Z", "is_superuser": false, "username": "ozkan01@gmail.com", "is_staff": false, "is_active": true, "date_joined": "2023-12-10T12:51:19.979Z", "email": "ozkan01@gmail.com", "first_name": null, "last_name": null, "is_employer": false, "is_applicant": true, "has_resume": true, "has_company": false, "groups": [], "user_permissions": []}}, {"model": "users.user", "pk": 14, "fields": {"password": "pbkdf2_sha256$260000$284Xsw4pyKUaFmRo8h55Wz$lNDq8qwuYFtLx5gsKOz+dUg2JhK1NupEGlPVkbnL/VQ=", "last_login": "2024-01-18T11:22:32.601Z", "is_superuser": false, "username": "deneme2@gmail.com", "is_staff": false, "is_active": true, "date_joined": "2024-01-18T11:22:09.500Z", "email": "deneme2@gmail.com", "first_name": null, "last_name": null, "is_employer": true, "is_applicant": false, "has_resume": false, "has_company": false, "groups": [], "user_permissions": []}}]